id,locationCode,floor,building,name,isValidDestination
1,87H52H42+QP6,1,Ben Franklin,First Floor Main Entrance,TRUE
2,87H52H42+QM3,1,Ben Franklin,hallway1,FALSE
3,87H52H42+PMH,1,Ben Franklin,hallway2,FALSE
4,87H52H42+QJQ,1,Ben Franklin,hallway3,FALSE
5,87H52H42+PM5,1.5,Ben Franklin,stair1,FALSE
6,87H52H42+QJW,1.5,Ben Franklin,stair2,FALSE
7,87H52H42+MPV,1,Ben Franklin,Room 103,TRUE
8,87H52H42+QMC,1,Ben Franklin,Room 113,TRUE
9,87H52H42+QJX,1,Ben Franklin,Room 114,TRUE
10,87H52H42+RJ7,1,Ben Franklin,Room 115,TRUE
11,87H52H42+PMQ,2,Ben Franklin,hallway4,FALSE
12,87H52H42+QJQ,2,Ben Franklin,hallway5,FALSE
13,87H52H42+PP3,2,Ben Franklin,hallway6,FALSE
14,87H52H42+RJ4,2,Ben Franklin,hallway7,FALSE
15,87H52H42+PMR,2,Ben Franklin,hallway8,FALSE
16,87H52H42+QJ8,2,Ben Franklin,Room 235,TRUE
17,87H52H42+QJ9,2,Ben Franklin,Room 236,TRUE
18,87H52H42+PJX,2,Ben Franklin,Room 237,TRUE
19,87H52H42+PMR,2,Ben Franklin,Room 238,TRUE
20,87H52H42+PMJ,2,Ben Franklin,Room 239,TRUE
21,87H52H42+PMF,2,Ben Franklin,Room 240,TRUE
22,87H52H42+MMX,2,Ben Franklin,Room 204,TRUE
23,87H52H42+MPJ,2,Ben Franklin,Room 205,TRUE
24,87H52H42+MPV,2,Ben Franklin,Room 206,TRUE
25,87H52H42+MPV,2,Ben Franklin,Room 207,TRUE
26,87H52H42+PP4,2,Ben Franklin,Room 208,TRUE
27,87H52H42+PP5,2,Ben Franklin,Room 209,TRUE
28,87H52H42+PP9,2,Ben Franklin,Room 210,TRUE
29,87H52H42+PPC,2,Ben Franklin,Room 211,TRUE
30,87H52H42+PMQ,2,Ben Franklin,Room 212,TRUE
31,87H52H42+RJ2,2,Ben Franklin,Room 229,TRUE
32,87H52H42+RJ2,2,Ben Franklin,Room 228,TRUE
33,87H52H42+RJ7,2,Ben Franklin,Room 227,TRUE
34,87H52H42+RJ8,2,Ben Franklin,Room 226,TRUE
35,87H52H42+RJ9,2,Ben Franklin,Room 225,TRUE
36,87H52H42+RJH,2,Ben Franklin,Room 224,TRUE
37,87H52H42+RMC,2,Ben Franklin,Room 223,TRUE
38,87H52H42+RM2,2,Ben Franklin,Room 222,TRUE
39,87H52H42+QMJ,2,Ben Franklin,Room 218,TRUE
40,87H52H42+QJX,2,Ben Franklin,Room 219,TRUE
41,87H52H42+QJX,2,Ben Franklin,Room 220,TRUE
42,87H52H42+PPR,2,Ben Franklin,Room 214,TRUE
43,87H52H42+QP2,2,Ben Franklin,Room 215,TRUE
44,87H52H42+QMF,2,Ben Franklin,hallway9,FALSE
45,87H52H42+QM9,2,Ben Franklin,Room 217C,TRUE
46,87H52H42+QMG,2,Ben Franklin,Room 217,TRUE
47,87H52H42+QMP,2,Ben Franklin,Room 217B,TRUE
48,87H52H42+QMV,2,Ben Franklin,Room 217A,TRUE
49,87H52H42+QM3,0,Ben Franklin,hallway10,FALSE
50,87H52H42+PM3,0,Ben Franklin,Ground Floor South Entrance,TRUE
51,87H52H42+QJJ,0,Ben Franklin,Ground Floor North Entrance,TRUE
52,87H52H42+PM4,0.5,Ben Franklin,stair3,FALSE
53,87H52H42+QJM,0.5,Ben Franklin,stair4, false
54,87H52H42+QM7,0,Ben Franklin,Ground Floor Elevator,FALSE
55,87H52H42+QM7,1,Ben Franklin,First Floor Elevator,FALSE
56,87H52H42+QM9,2,Ben Franklin,Second Floor Elevator,FALSE
100,x,0,Navy,Ground Floor South Entrance,TRUE
101,x,0,Navy,Ground Floor North Entrance,TRUE
102,x,0,Navy,Ground Floor West Entrance,TRUE
103,x,0,Navy,hallway1,FALSE
104,x,0,Navy,hallway2,FALSE
105,x,0,Navy,hallway3,FALSE
106,x,0,Navy,Ground Floor Elevator,FALSE
107,x,0,Navy,Room 10,TRUE
108,x,0,Navy,Room 9,TRUE
109,x,0,Navy,Room 11A,TRUE
110,x,0,Navy,Room 12,TRUE
111,x,0,Navy,Room 14,TRUE
112,x,0,Navy,Room 15,TRUE
113,x,0,Navy,Room 16,TRUE
114,x,0,Navy,Room 19,TRUE
115,x,0,Navy,Room 27,TRUE
116,x,0,Navy,Room 28,TRUE
117,x,0,Navy,Room 29,TRUE
118,x,0,Navy,Room 30,TRUE
119,x,0,Navy,Room 31,TRUE
120,x,0,Navy,Room 11B,TRUE
121,x,0.5,Navy,stair1,FALSE
122,x,0.5,Navy,stair2,FALSE
123,x,1,Navy,hallway3,FALSE
124,x,1,Navy,hallway4,FALSE
125,x,1,Navy,hallway5,FALSE
126,x,1,Navy,First Floor Elevator,FALSE
127,x,1,Navy,First Floor Entrance,TRUE
128,x,1,Navy,hallway6,FALSE
129,x,1,Navy,Room 116,TRUE
130,x,1,Navy,Room 117,TRUE
131,x,1,Navy,Room 115,TRUE
132,x,1,Navy,Room 116A,TRUE
133,x,1,Navy,Room 114,TRUE
134,x,1,Navy,Room 112B,TRUE
135,x,1,Navy,hallway7,FALSE
136,x,0,Navy,Room 17,TRUE
137,x,1,Navy,Room 127,TRUE
138,x,1,Navy,Room 122,TRUE
139,x,1,Navy,Room 123,TRUE
140,x,1,Navy,Room 124,TRUE
141,x,1,Navy,Room 125,TRUE
142,x,1,Navy,Room 126,TRUE
143,x,1,Navy,hallway8,FALSE
144,x,1,Navy,Room 104,TRUE
145,x,1,Navy,Room 105,TRUE
146,x,1,Navy,Room 106,TRUE
147,x,1,Navy,Room 107,TRUE
148,x,1.5,Navy,stair3,FALSE
149,x,1.5,Navy,stair4,FALSE
150,x,2,Navy,hallway12,FALSE
151,x,2,Navy,hallway9,FALSE
152,x,2,Navy,hallway10,FALSE
153,x,2,Navy,Room 209B,TRUE
154,x,2,Navy,Room 209D,TRUE
155,x,2,Navy,Room 209C,TRUE
156,x,2,Navy,Room 209E,TRUE
157,x,2,Navy,Room 209F,TRUE
158,x,2,Navy,Room 207,TRUE
159,x,2,Navy,Room 205,TRUE
160,x,2,Navy,Room 220,TRUE
161,x,2,Navy,Room 221,TRUE
162,x,2,Navy,Room 223,TRUE
163,x,2,Navy,hallway11,FALSE
164,x,2,Navy,Room 216,TRUE
165,x,2,Navy,Room 217,TRUE
166,x,2,Navy,Room 218,TRUE
200,x,0,Bakeless,hallway1,FALSE
201,x,0,Bakeless,hallway2,FALSE
203,x,0,Bakeless,Ground Floor Elevator,FALSE
204,x,0,Bakeless,Room G4A,TRUE
205,x,0,Bakeless,Room G5,TRUE
206,x,0,Bakeless,Room G6,TRUE
207,x,0,Bakeless,Court Entrance,TRUE
208,x,0.5,Bakeless,stair1,FALSE
209,x,1.5,Bakeless,stair2,FALSE
210,x,1.5,Bakeless,stair3,FALSE
211,x,1,Bakeless,First Floor Elevator,FALSE
212,x,2,Bakeless,Second Floor Elevator,FALSE
213,x,3,Bakeless,Third Floor Elevator,FALSE
214,x,1,Bakeless,First Floor Main Entrance,TRUE
215,x,1,Bakeless,hallway3,FALSE
216,x,1,Bakeless,hallway4,FALSE
217,x,1,Bakeless,hallway5,FALSE
218,x,1,Bakeless,hallway6,FALSE
219,x,1,Bakeless,Room 101,TRUE
220,x,1,Bakeless,Room 102,TRUE
221,x,1,Bakeless,Room 103,TRUE
222,x,1,Bakeless,Room 104,TRUE
223,x,1,Bakeless,Room 105,TRUE
224,x,1,Bakeless,Room 107,TRUE
225,x,1,Bakeless,Room 106A,TRUE
226,x,1,Bakeless,Room 106D,TRUE
227,x,1,Bakeless,Room 106B,TRUE
228,x,1,Bakeless,Room 106C,TRUE
229,x,1,Bakeless,Room 111A,TRUE
230,x,1,Bakeless,Room 111B,TRUE
231,x,1,Bakeless,Room 110A,TRUE
232,x,1,Bakeless,Room 110B,TRUE
233,x,1,Bakeless,Room 109A,TRUE
234,x,1,Bakeless,Room 109B,TRUE
235,x,1,Bakeless,Room 108A,TRUE
236,x,1,Bakeless,Room 108B,TRUE
237,x,1,Bakeless,Room 113A,TRUE
238,x,1,Bakeless,Room 113B,TRUE
239,x,1,Bakeless,Room 114,TRUE
240,x,1,Bakeless,Room 115A,TRUE
241,x,1,Bakeless,Room 115B,TRUE
242,x,1,Bakeless,Room 116A,TRUE
243,x,1,Bakeless,Room 116B,TRUE
244,x,1,Bakeless,Room 117B,TRUE
245,x,1,Bakeless,Room 117A,TRUE
246,x,1,Bakeless,Room 118,TRUE
247,x,1,Bakeless,Room 119A,TRUE
248,x,1,Bakeless,Room 119B,TRUE
249,x,1.5,Bakeless,stair4,FALSE
250,x,2.5,Bakeless,stair5,FALSE
251,x,1.5,Bakeless,stair6,FALSE
252,x,2.5,Bakeless,stair7,FALSE
253,x,1.5,Bakeless,stair8,FALSE
254,x,2.5,Bakeless,stair9,FALSE
255,x,1,Bakeless,First Floor West Court Entrance,TRUE
256,x,1,Bakeless,First Floor East Court Entrance,TRUE
257,x,1,Bakeless,hallway7,FALSE
258,x,1,Bakeless,First Floor Rear Entrance,TRUE
259,x,2,Bakeless,hallway8,FALSE
260,x,2,Bakeless,hallway9,FALSE
261,x,2,Bakeless,hallway10,FALSE
262,x,2,Bakeless,hallway11,FALSE
263,x,2,Bakeless,hallway12,FALSE
265,x,2,Bakeless,Room 213A,TRUE
266,x,2,Bakeless,Room 213B,TRUE
267,x,2,Bakeless,Room 214,TRUE
268,x,2,Bakeless,Room 215B,TRUE
269,x,2,Bakeless,Room 215A,TRUE
270,x,2,Bakeless,Room 216A,TRUE
271,x,2,Bakeless,Room 216B,TRUE
272,x,2,Bakeless,Room 217B,TRUE
273,x,2,Bakeless,Room 217A,TRUE
274,x,2,Bakeless,Room 218,TRUE
275,x,2,Bakeless,Room 219A,TRUE
276,x,2,Bakeless,Room 219B,TRUE
277,x,2,Bakeless,Room 201,TRUE
278,x,2,Bakeless,Room 202,TRUE
279,x,2,Bakeless,Room 203,TRUE
280,x,2,Bakeless,Room 204,TRUE
281,x,2,Bakeless,Room 205,TRUE
282,x,2,Bakeless,Room 206,TRUE
283,x,2,Bakeless,Room 206A,TRUE
284,x,2,Bakeless,Room 207,TRUE
285,x,2,Bakeless,Room 208,TRUE
286,x,2,Bakeless,Room 209,TRUE
287,x,2,Bakeless,Room 210,TRUE
288,x,2,Bakeless,Room 211,TRUE
289,x,3,Bakeless,hallway13,FALSE
290,x,3,Bakeless,hallway14,FALSE
291,x,3,Bakeless,hallway15,FALSE
292,x,3,Bakeless,hallway16,FALSE
293,x,3,Bakeless,hallway17,FALSE
295,x,3,Bakeless,Room 313B,TRUE
296,x,3,Bakeless,Room 313A,TRUE
297,x,3,Bakeless,Room 314,TRUE
298,x,3,Bakeless,Room 315B,TRUE
299,x,3,Bakeless,Room 315A,TRUE
300,x,3,Bakeless,Room 316B,TRUE
301,x,3,Bakeless,Room 316A,TRUE
302,x,3,Bakeless,Room 317B,TRUE
303,x,3,Bakeless,Room 317A,TRUE
304,x,3,Bakeless,Room 318,TRUE
305,x,3,Bakeless,Room 319B,TRUE
306,x,3,Bakeless,Room 319A,TRUE
307,x,3,Bakeless,Room 301,TRUE
308,x,3,Bakeless,Room 302,TRUE
309,x,3,Bakeless,Room 303,TRUE
310,x,3,Bakeless,Room 304,TRUE
311,x,3,Bakeless,Room 305,TRUE
312,x,3,Bakeless,Room 306,TRUE
313,x,3,Bakeless,Room 307,TRUE
314,x,3,Bakeless,Room 308,TRUE
315,x,3,Bakeless,Room 309,TRUE
316,x,3,Bakeless,Room 310,TRUE
317,x,3,Bakeless,Room 311,TRUE
400,x,1,Centennial,First Floor Main Entrance,TRUE
401,x,1,Centennial,Left Side Stair Entrance,FALSE
402,x,1,Centennial,Right Side Stair Entrance, false
403,x,1,Centennial,East Side Stair Entrance,FALSE
404,x,1,Centennial,West Side Stair Entrance,FALSE
405,x,1,Centennial,East Side Hallway Entrance,FALSE
406,x,1,Centennial,West Side Hallway Entrance,FALSE
407,x,1,Centennial,East Rear Office Entrance,FALSE
408,x,1,Centennial,West Rear Office Entrance,FALSE
409,x,1,Centennial,East Rear Side Entrance,FALSE
410,x,1,Centennial,West Rear Side Entrance,FALSE
411,x,1,Centennial,Rear Entrance,TRUE
412,x,1.5,Centennial,stair1,FALSE
413,x,1.5,Centennial,stair2,FALSE
414,x,1.5,Centennial,stair3,FALSE
415,x,1.5,Centennial,stair4,FALSE
416,x,1,Centennial,First Floor Elevator,FALSE
417,x,1,Centennial,hallway1,FALSE
418,x,1,Centennial,hallway2,FALSE
419,x,1,Centennial,hallway3,FALSE
420,x,1,Centennial,hallway4,FALSE
421,x,1,Centennial,hallway5,FALSE
422,x,1,Centennial,hallway6,FALSE
423,x,1,Centennial,hallway7,FALSE
424,x,1,Centennial,hallway8,FALSE
425,x,1,Centennial,hallway9,FALSE
426,x,1,Centennial,hallway10,FALSE
427,x,1,Centennial,hallway11,FALSE
428,x,1,Centennial,Room 103,TRUE
429,x,1,Centennial,Room 108,TRUE
430,x,1,Centennial,Room 110,TRUE
431,x,1,Centennial,Room 163,TRUE
432,x,1,Centennial,Room 164,TRUE
433,x,1,Centennial,Room 170,TRUE
434,x,1,Centennial,Room 121,TRUE
435,x,1,Centennial,Room 122,TRUE
436,x,1,Centennial,Room 123,TRUE
437,x,1,Centennial,Room 124,TRUE
438,x,1,Centennial,Room 125,TRUE
439,x,1,Centennial,Room 127,TRUE
440,x,1,Centennial,Room 130,TRUE
441,x,1,Centennial,Room 131,TRUE
442,x,1,Centennial,Room 132,TRUE
443,x,1,Centennial,Room 134,TRUE
444,x,1,Centennial,Room 136,TRUE
445,x,1,Centennial,Room 140A,TRUE
446,x,1,Centennial,Room 135,TRUE
447,x,1,Centennial,Room 138,TRUE
448,x,1,Centennial,Room 139,TRUE
449,x,1,Centennial,Room 140B,TRUE
450,x,1,Centennial,Room 144,TRUE
451,x,1,Centennial,Room 142,TRUE
452,x,1,Centennial,Room 150,TRUE
453,x,1,Centennial,Room 149,TRUE
454,x,1,Centennial,Room 148,TRUE
455,x,1,Centennial,Room 153,TRUE
456,x,1,Centennial,Room 152,TRUE
457,x,1,Centennial,Room 151,TRUE
458,x,1,Centennial,Room 146A,TRUE
459,x,1,Centennial,Room 146,TRUE
460,x,1,Centennial,Room 113,TRUE
461,x,2.5,Centennial,stair5,FALSE
462,x,2.5,Centennial,stair6,FALSE
463,x,3,Centennial,Third Floor Elevator,FALSE
465,x,2,Centennial,Second Floor Elevator,FALSE
466,x,2,Centennial,hallway12,FALSE
467,x,2,Centennial,hallway13,FALSE
468,x,2,Centennial,hallway14,FALSE
469,x,2,Centennial,hallway15,FALSE
470,x,2,Centennial,hallway16,FALSE
471,x,2,Centennial,Room 201,TRUE
472,x,2,Centennial,Room 204,TRUE
473,x,2,Centennial,Room 205,TRUE
474,x,2,Centennial,Room 206,TRUE
475,x,2,Centennial,Room 207,TRUE
476,x,2,Centennial,Room 209,TRUE
477,x,2,Centennial,Room 212,TRUE
478,x,2,Centennial,Room 213,TRUE
479,x,2,Centennial,Room 243,TRUE
480,x,2,Centennial,Room 244,TRUE
481,x,2,Centennial,Room 245,TRUE
482,x,2,Centennial,Room 223,TRUE
483,x,2,Centennial,Room 224,TRUE
484,x,2,Centennial,Room 227,TRUE
485,x,2,Centennial,Room 226,TRUE
486,x,2,Centennial,Room 230,TRUE
487,x,2,Centennial,Room 232,TRUE
488,x,2,Centennial,Room 237,TRUE
489,x,2,Centennial,Room 236,TRUE
490,x,2,Centennial,Room 235,TRUE
491,x,2,Centennial,Room 233,TRUE
492,x,2,Centennial,Room 239,TRUE
493,x,2,Centennial,Room 217,TRUE
494,x,2,Centennial,Room 219,TRUE
495,x,2,Centennial,Room 219A,TRUE
496,x,2,Centennial,Room 218,TRUE
497,x,2,Centennial,hallway17,FALSE
498,x,3,Centennial,hallway18,FALSE
499,x,3,Centennial,hallway19,FALSE
500,x,3,Centennial,hallway20,FALSE
501,x,3,Centennial,hallway21,FALSE
502,x,3,Centennial,hallway22,FALSE
503,x,3,Centennial,hallway23,FALSE
504,x,3,Centennial,hallway24,FALSE
505,x,3,Centennial,hallway25,FALSE
506,x,3,Centennial,hallway26,FALSE
507,x,3,Centennial,Room 301,TRUE
508,x,3,Centennial,Room 303,TRUE
511,x,3,Centennial,Room 306,TRUE
512,x,3,Centennial,Room 352,TRUE
513,x,3,Centennial,Room 309,TRUE
514,x,3,Centennial,Room 308,TRUE
515,x,3,Centennial,Room 353,TRUE
516,x,3,Centennial,Room 354,TRUE
517,x,3,Centennial,hallway27,FALSE
518,x,3,Centennial,Room 312,TRUE
519,x,3,Centennial,Room 313,TRUE
520,x,3,Centennial,Room 314,TRUE
521,x,3,Centennial,Room 315,TRUE
522,x,3,Centennial,Room 316,TRUE
523,x,3,Centennial,Room 317,TRUE
524,x,3,Centennial,Room 318,TRUE
525,x,3,Centennial,Room 319,TRUE
526,x,3,Centennial,Room 320,TRUE
527,x,3,Centennial,Room 321,TRUE
528,x,3,Centennial,Room 322,TRUE
529,x,3,Centennial,Room 307,TRUE
530,x,3,Centennial,Room 326,TRUE
531,x,3,Centennial,Room 327,TRUE
532,x,3,Centennial,Room 328,TRUE
533,x,3,Centennial,Room 329,TRUE
534,x,3,Centennial,Room 330,TRUE
535,x,3,Centennial,Room 331,TRUE
536,x,3,Centennial,Room 332,TRUE
537,x,3,Centennial,Room 342,TRUE
538,x,3,Centennial,Room 343,TRUE
539,x,3,Centennial,Room 334,TRUE
540,x,3,Centennial,Room 335,TRUE
541,x,3,Centennial,Room 336,TRUE
542,x,3,Centennial,Room 337,TRUE
543,x,3,Centennial,Room 338,TRUE
544,x,3,Centennial,Room 339,TRUE
545,x,3,Centennial,Room 340,TRUE
600,x,1,Sutliff,First Floor Main Entrance,TRUE
601,x,1,Sutliff,hallway1,FALSE
602,x,1,Sutliff,hallway2,FALSE
603,x,1,Sutliff,hallway3,FALSE
604,x,1,Sutliff,hallway4,FALSE
605,x,1,Sutliff,First Floor Elevator,FALSE
606,x,2,Sutliff,Second Floor Elevator,FALSE
607,x,3,Sutliff,Third Floor Elevator,FALSE
608,x,1.5,Sutliff,stair1,FALSE
609,x,1.5,Sutliff,stair2,FALSE
610,x,1.5,Sutliff,stair3,FALSE
611,x,1,Sutliff,Room 102,TRUE
612,x,1,Sutliff,Room 105,TRUE
613,x,1,Sutliff,Room 106,TRUE
614,x,1,Sutliff,Room 107,TRUE
615,x,1,Sutliff,Room 110,TRUE
616,x,1,Sutliff,Room 111,TRUE
617,x,1,Sutliff,Room 112,TRUE
618,x,1,Sutliff,Room 113,TRUE
619,x,1,Sutliff,Room 114,TRUE
620,x,1,Sutliff,Room 115,TRUE
621,x,1,Sutliff,Room 120,TRUE
622,x,1,Sutliff,Room 123,TRUE
623,x,2.5,Sutliff,stair4,FALSE
624,x,2.5,Sutliff,stair5,FALSE
625,x,2.5,Sutliff,stair6,FALSE
626,x,2,Sutliff,hallway5,FALSE
627,x,2,Sutliff,hallway6,FALSE
628,x,2,Sutliff,hallway7,FALSE
629,x,2,Sutliff,hallway8,FALSE
630,x,2,Sutliff,hallway9,FALSE
631,x,2,Sutliff,hallway10,FALSE
632,x,2,Sutliff,hallway11,FALSE
633,x,2,Sutliff,Room 202,TRUE
634,x,2,Sutliff,Room 203,TRUE
635,x,2,Sutliff,Room 204,TRUE
636,x,2,Sutliff,Room 205,TRUE
637,x,2,Sutliff,Room 206,TRUE
638,x,2,Sutliff,Room 207,TRUE
639,x,2,Sutliff,Room 209,TRUE
640,x,2,Sutliff,Room 210,TRUE
641,x,2,Sutliff,Room 211,TRUE
642,x,2,Sutliff,Room 212,TRUE
643,x,2,Sutliff,Room 214,TRUE
644,x,2,Sutliff,Room 215,TRUE
645,x,2,Sutliff,Room 216,TRUE
646,x,2,Sutliff,Room 217,TRUE
647,x,2,Sutliff,Room 222,TRUE
648,x,2,Sutliff,Room 223,TRUE
649,x,2,Sutliff,Room 225,TRUE
650,x,2,Sutliff,Room 226,TRUE
651,x,2,Sutliff,Room 227,TRUE
652,x,2,Sutliff,Room 228,TRUE
653,x,2,Sutliff,Room 229,TRUE
654,x,2,Sutliff,Room 230,TRUE
655,x,2,Sutliff,Room 231,TRUE
656,x,2,Sutliff,Room 232,TRUE
657,x,2,Sutliff,Room 233,TRUE
658,x,2,Sutliff,Room 235,TRUE
659,x,2,Sutliff,Room 239,TRUE
660,x,2,Sutliff,Room 240,TRUE
661,x,2,Sutliff,Room 241,TRUE
662,x,2,Sutliff,Room 242,TRUE
663,x,2,Sutliff,Room 244,TRUE
664,x,2,Sutliff,Room 245,TRUE
665,x,2,Sutliff,Room 246,TRUE
667,x,2,Sutliff,Room 252,TRUE
668,x,2,Sutliff,Room 253,TRUE
669,x,2,Sutliff,Room 256,TRUE
670,x,2,Sutliff,Room 257,TRUE
671,x,2,Sutliff,Room 255,TRUE
672,x,3,Sutliff,hallway12,FALSE
673,x,3,Sutliff,hallway13,FALSE
674,x,3,Sutliff,hallway14,FALSE
675,x,3,Sutliff,hallway15,FALSE
676,x,3,Sutliff,hallway16,FALSE
677,x,3,Sutliff,hallway17,FALSE
678,x,3,Sutliff,hallway18,FALSE
679,x,3,Sutliff,hallway19,FALSE
680,x,3,Sutliff,Room 301,TRUE
681,x,3,Sutliff,Room 302,TRUE
682,x,3,Sutliff,Room 303,TRUE
683,x,3,Sutliff,Room 304,TRUE
684,x,3,Sutliff,Room 305,TRUE
685,x,3,Sutliff,Room 306,TRUE
686,x,3,Sutliff,Room 307,TRUE
687,x,3,Sutliff,Room 308,TRUE
688,x,3,Sutliff,Room 309,TRUE
689,x,3,Sutliff,Room 310,TRUE
690,x,3,Sutliff,Room 311,TRUE
691,x,3,Sutliff,Room 312,TRUE
692,x,3,Sutliff,Room 313,TRUE
693,x,3,Sutliff,Room 314,TRUE
694,x,3,Sutliff,Room 315,TRUE
695,x,3,Sutliff,Room 316,TRUE
696,x,3,Sutliff,Room 317,TRUE
697,x,3,Sutliff,Room 318,TRUE
698,x,3,Sutliff,Room 319,TRUE
699,x,3,Sutliff,Room 320,TRUE
700,x,3,Sutliff,Room 321,TRUE
701,x,3,Sutliff,Room 322,TRUE
702,x,3,Sutliff,Room 323,TRUE
703,x,3,Sutliff,Room 324,TRUE
704,x,3,Sutliff,Room 325,TRUE
705,x,3,Sutliff,Room 326,TRUE
706,x,3,Sutliff,Room 327,TRUE
707,x,3,Sutliff,Room 328,TRUE
708,x,3,Sutliff,Room 329,TRUE
709,x,3,Sutliff,Room 330,TRUE
710,x,3,Sutliff,Room 331,TRUE
711,x,3,Sutliff,Room 332,TRUE
712,x,3,Sutliff,Room 333,TRUE
713,x,3,Sutliff,Room 334,TRUE
714,x,3,Sutliff,Room 335,TRUE
715,x,3,Sutliff,Room 336,TRUE
716,x,3,Sutliff,Room 337,TRUE
717,x,3,Sutliff,Room 338,TRUE
718,x,3,Sutliff,Room 339,TRUE
719,x,3,Sutliff,Room 340,TRUE
720,x,3,Sutliff,Room 341,TRUE
721,x,3,Sutliff,Room 342,TRUE
722,x,3,Sutliff,Room 343,TRUE
723,x,3,Sutliff,Room 344,TRUE
724,x,3,Sutliff,Room 345,TRUE
725,x,3,Sutliff,Room 346,TRUE
726,x,3,Sutliff,Room 348,TRUE
727,x,3,Sutliff,Room 350,TRUE
728,x,3,Sutliff,Room 354,TRUE
729,x,3,Sutliff,Room 355,TRUE
730,x,3,Sutliff,Room 356,TRUE
731,x,3,Sutliff,Room 358,TRUE
732,x,3,Sutliff,Room 359,TRUE
733,x,3,Sutliff,Room 360,TRUE
734,x,3,Sutliff,Room 361,TRUE
735,x,3,Sutliff,Room 362,TRUE
736,x,3,Sutliff,Room 363,TRUE
737,x,3,Sutliff,Room 365,TRUE
738,x,3,Sutliff,Room 366,TRUE
739,x,3,Sutliff,Room 371,TRUE
740,x,3,Sutliff,Room 372,TRUE
741,x,3,Sutliff,Room 373,TRUE
742,x,3,Sutliff,Room 374,TRUE
743,x,3,Sutliff,Room 375,TRUE
744,x,3,Sutliff,Room 377,TRUE
800,x,0,Student Services Center,Ground Floor Rear Entrance,TRUE
801,x,0,Student Services Center,hallway1,FALSE
802,x,0,Student Services Center,hallway2,FALSE
803,x,0,Student Services Center,hallway3,FALSE
804,x,0,Student Services Center,hallway4,FALSE
805,x,0,Student Services Center,hallway5,FALSE
806,x,0,Student Services Center,hallway6,FALSE
807,x,0,Student Services Center,hallway7,FALSE
808,x,0,Student Services Center,hallway8,FALSE
809,x,0,Student Services Center,hallway9,FALSE
810,x,0,Student Services Center,Ground Floor Elevator,FALSE
811,x,0,Student Services Center,First Floor Elevator,FALSE
812,x,0,Student Services Center,Second Floor Elevator,FALSE
813,x,0.5,Student Services Center,stair1,FALSE
814,x,0.5,Student Services Center,stair2,FALSE
815,x,0.5,Student Services Center,stair3,FALSE
816,x,0.5,Student Services Center,stair4,FALSE
817,x,0.5,Student Services Center,stair5,FALSE
818,x,0,Student Services Center,Room 4,TRUE
819,x,0,Student Services Center,Room 10,TRUE
820,x,0,Student Services Center,Room 10A,TRUE
821,x,0,Student Services Center,Room 13,TRUE
822,x,0,Student Services Center,Room 13B,TRUE
823,x,0,Student Services Center,Room 26,TRUE
824,x,0,Student Services Center,Room 26A,TRUE
825,x,0,Student Services Center,Room 27,TRUE
826,x,0,Student Services Center,Room 27A,TRUE
827,x,0,Student Services center,Room 30,TRUE
828,x,0,Student Services Center,Room 31,TRUE
829,x,0,Student Services Center,Room 32,TRUE
830,x,0,Student Services Center,Room 33,TRUE
831,x,0,Student Services Center,Room 34,TRUE
832,x,0,Student Services Center,Room 36,TRUE
833,x,0,Student Services Center,Room 37,TRUE
834,x,0,Student Services Center,Room 38,TRUE
835,x,0,Student Services Center,Room 40,TRUE
836,x,0,Student Services Center,Room 41,TRUE
837,x,0,Student Services Center,Room 42,TRUE
838,x,0,Student Services Center,Room 44,TRUE
839,x,0,Student Services Center,Room 45,TRUE
840,x,0,Student Services Center,Room 46,TRUE
841,x,0,Student Services Center,Room 47,TRUE
842,x,0,Student Services Center,Room 48,TRUE
843,x,0,Student Services Center,Room 49,TRUE
844,x,0,Student Services Center,Room 55,TRUE
845,x,0,Student Services Center,Room 58,TRUE
846,x,0,Student Services Center,Room 39,TRUE
847,x,0,Student Services Center,Room 39A,TRUE
848,x,0,Student Services Center,Room 39B,TRUE
849,x,0,Student Services Center,Room 54,TRUE
850,x,0,Student Services Center,Room 62,TRUE
851,x,0,Student Services Center,Room 63,TRUE
852,x,0,Student Services Center,Room 14A,TRUE
853,x,0,Student Services Center,Room 21,TRUE
854,x,0,Student Services Center,Room 22,TRUE
855,x,1.5,Student Services Center,stair10,FALSE
856,x,1.5,Student Services Center,stair6,FALSE
857,x,1.5,Student Services Center,stair7,FALSE
858,x,1.5,Student Services Center,stair8,FALSE
859,x,1.5,Student Services Center,stair9,FALSE
860,x,1,Student Services Center,First Floor Main Entrance,tru
861,x,1,Student Services Center,hallway10,FALSE
862,x,1,Student Services Center,hallway11,FALSE
863,x,1,Student Services Center,hallway12,FALSE
864,x,1,Student Services Center,hallway13,FALSE
865,x,1,Student Services Center,hallway14,FALSE
866,x,1,Student Services Center,hallway15,FALSE
867,x,1,Student Services Center,hallway16,FALSE
868,x,1,Student Services Center,Room 119,TRUE
869,x,1,Student Services Center,hallway17,FALSE
870,x,1,Student Services Center,Room 102 (Information Center),TRUE
871,x,1,Student Services Center,Room 105,TRUE
872,x,1,Student Services Center,Room 107,TRUE
873,x,1,Student Services Center,Room 109,TRUE
874,x,1,Student Services Center,Room 112,TRUE
875,x,1,Student Services Center,Room 115,TRUE
876,x,1,Student Services Center,Room 116,TRUE
877,x,1,Student Services Center,Room 117A,TRUE
878,x,1,Student Services Center,Room 117B,TRUE
879,x,1,Student Services Center,Room 117C,TRUE
880,x,1,Student Services Center,Room 128,TRUE
881,x,1,Student Services Center,Room 124,TRUE
882,x,1,Student Services Center,Room 130,TRUE
883,x,1,Student Services Center,Room 131,TRUE
884,x,1,Student Services Center,Room 134,TRUE
885,x,1,Student Services Center,Roongo's Cafe,TRUE
886,x,1,Student Services Center,Room 140,TRUE
887,x,1,Student Services Center,Room 143,TRUE
888,x,1,Student Services Center,Room 144,TRUE
889,x,1,Student Services Center,Room 145,TRUE
890,x,1,Student Services Center,Room 147,TRUE
891,x,1,Student Services Center,Room 149,TRUE
892,x,1,Student Services Center,Room 152,TRUE
893,x,1,Student Services Center,Room 153,TRUE
894,x,1,Student Services Center,Room 155,TRUE
895,x,1,Student Services Center,Room 156,TRUE
896,x,1,Student Services Center,Commuter Lounge,TRUE
897,x,1,Student Services Center,Room 162,TRUE
898,x,2,Student Services Center,hallway18,FALSE
899,x,2,Student Services Center,hallway19,FALSE
900,x,2,Student Services Center,hallway20,FALSE
901,x,2,Student Services Center,hallway21,FALSE
902,x,2,Student Services Center,hallway22,FALSE
903,x,2,Student Services Center,hallway23,FALSE
904,x,2,Student Services Center,hallway24,FALSE
905,x,2,Student Services Center,hallway25,FALSE
906,x,2,Student Services Center,hallway26,FALSE
907,x,2,Student Services Center,Room 203,TRUE
908,x,2,Student Services Center,Room 204,TRUE
909,x,2,Student Services Center,Room 206,TRUE
910,x,2,Student Services Center,Room 207,TRUE
911,x,2,Student Services Center,Room 209,TRUE
912,x,2,Student Services Center,Room 211,TRUE
913,x,2,Student Services Center,Room 212,TRUE
914,x,2,Student Services Center,Room 216,TRUE
915,x,2,Student Services Center,Room 217,TRUE
916,x,2,Student Services Center,Room 218,TRUE
917,x,2,Student Services Center,Room 219,TRUE
918,x,2,Student Services Center,Room 220,TRUE
919,x,2,Student Services Center,Room 221,TRUE
920,x,2,Student Services Center,Room 222,TRUE
921,x,2,Student Services Center,Room 223,TRUE
922,x,2,Student Services Center,Room 224,TRUE
923,x,2,Student Services Center,Room 225,TRUE
924,x,2,Student Services Center,Room 228,TRUE
925,x,2,Student Services Center,hallway27,FALSE
926,x,2,Student Services Center,Room 234,TRUE
927,x,2,Student Services Center,Room 235,TRUE
928,x,2,Student Services Center,Room 238,TRUE
929,x,2,Student Services Center,Room 240,TRUE
930,x,2,Student Services Center,Room 242,TRUE
931,x,2,Student Services Center,Room 246,TRUE
932,x,2,Student Services Center,Room 247,TRUE
933,x,2,Student Services Center,Room 248,TRUE
934,x,2,Student Services Center,Room 249,TRUE
935,x,2,Student Services Center,Room 251,TRUE
936,x,2,Student Services Center,hallway28,FALSE
937,x,2,Student Services Center,Room 243,TRUE
938,x,2,Student Services Center,Room 254,TRUE
939,x,2,Student Services Center,Room 259,TRUE
940,x,2,Student Services Center,Room 261,TRUE
941,x,2,Student Services Center,Room 262,TRUE
942,x,2,Student Services Center,Room 264,TRUE
943,x,2,Student Services Center,Room 265,TRUE
944,x,2,Student Services Center,Room 266,TRUE
945,x,2,Student Services Center,Room 268,TRUE
1000,87H52H53+JRC,1,Andruss Library, First Floor Main Entrance,TRUE
1001,87H52H53+HRV,1,Andruss Library,First Floor Study Entrance,TRUE
1002,87H52H53+HRP,1,Andruss Library,Starbucks Entrance,TRUE
1003,87H52H53+JVW,1.5,Andruss Library,stair1,FALSE
1004,87H52H53+JVX,2.5,Andruss Library,stair2,FALSE
1005,87H52H53+JVX,3.5,Andruss Library,stair3,FALSE
1006,87H52H53+MR9,1,Andruss Library,First Floor Main Elevator,FALSE
1007,87H52H53+MR9,2,Andruss Library,Second Floor Main Elevator,FALSE
1008,87H52H53+MV6,3,Andruss Library,Third Floor Main Elevator,FALSE
1009,87H52H53+MV6,4,Andruss Library,Fourth Floor Main Elevator,FALSE
1010,87H52H53+PXV,1,Andruss Library,First Floor Rear Elevator,FALSE
1011,87H52H53+PXV,2,Andruss Library,Second Floor Rear Elevator,FALSE
1012,87H52H53+PXV,3,Andruss Library,Third Floor Rear Elevator,FALSE
1013,87H52H53+PXM,4,Andruss Library,Fourth Floor Rear Elevator,FALSE
1014,87H52H53+QX2,2.5,Andruss Library,stair4,FALSE
1015,87H52H53+QX3,3.5,Andruss Library,stair5,FALSE
1016,87H52H53+QX7,1.5,Andruss Library,stair6,FALSE
1017,87H52H53+JW9,2.5,Andruss Library,stair7,FALSE
1018,87H52H53+JW9,3.5,Andruss Library,stair8,FALSE
1019,87H52H53+JW9,1.5,Andruss Library,stair9,FALSE
1020,87H52H53+JW9,2.5,Andruss Library,stair10,FALSE
1021,87H52H53+JW9,3.5,Andruss Library,stair11,FALSE
1022,87H52H53+JRP,1,Andruss Library,hallway1,FALSE
1023,87H52H53+MV3,1,Andruss Library,hallway2,FALSE
1024,87H52H53+MWF,1,Andruss Library,hallway3,FALSE
1025,87H52H53+PX4,1,Andruss Library,hallway4,FALSE
1026,87H52H53+JWV,1,Andruss Library,hallway6,FALSE
1027,87H52H53+JR8,1,Andruss Library,Starbucks Study Lounge,TRUE
1028,87H52H53+HRQ,1,Andruss Library,Starbucks,TRUE
1029,87H52H53+MR3,1,Andruss Library,Room 103,TRUE
1030,87H52H53+JX7,1,Andruss Library,First Floor Study Lounge Area,TRUE
1031,87H52H53+JWF,1,Andruss Library,Room 139,TRUE
1032,87H52H53+JW7,1,Andruss Library,Room 134,TRUE
1033,87H52H53+PW7,1,Andruss Library,Room 130,TRUE
1034,87H52H53+MV3,2,Andruss Library,hallway7,FALSE
1035,87H52H53+JRM,2,Andruss Library,hallway8,FALSE
1036,87H52H53+HVR,2,Andruss Library,hallway9,FALSE
1037,87H52H53+MW3,2,Andruss Library,hallway10,FALSE
1038,87H52H53+MVW,2,Andruss Library,hallway11,FALSE
1039,87H52H53+PWF,2,Andruss Library,hallway12,FALSE
1040,87H52H53+MWX,2,Andruss Library,hallway13,FALSE
1041,87H52H53+JXW,2,Andruss Library,hallway14,FALSE
1042,87H52H53+MVC,2,Andruss Library,Room 214,TRUE
1043,87H52H53+PV2,2,Andruss Library,Room 220,TRUE
1044,87H52H53+PV2,2,Andruss Library,Room 221,TRUE
1045,87H52H53+PW9,2,Andruss Library,Room 232,TRUE
1046,87H52H53+PX2,2,Andruss Library,Room 233,TRUE
1047,87H52H53+MXR,2,Andruss Library,Room 234,TRUE
1048,87H52H53+MXM,2,Andruss Library,Room 235,TRUE
1049,87H52H53+MXF,2,Andruss Library,Room 236,TRUE
1050,87H52H53+MX8,2,Andruss Library,Room 237,TRUE
1051,87H52H53+MX4,2,Andruss Library,Room 238,TRUE
1052,87H52H53+JW8,2,Andruss Library,Room 242,TRUE
1053,87H52H53+JW7,2,Andruss Library,Room 243,TRUE
1054,87H52H53+JWF,2,Andruss Library,Room 246,TRUE
1055,87H52H53+JWJ,2,Andruss Library,Room 248,TRUE
1056,87H52H53+HVM,2,Andruss Library,Room 207,TRUE
1057,87H52H53+HVJ,2,Andruss Library,Room 208,TRUE
1058,87H52H53+HRX,2,Andruss Library,Room 209,TRUE
1059,87H52H53+JRX,2,Andruss Library,Room 210,TRUE
1060,87H52H53+MRP,2,Andruss Library,Room 216,TRUE
1061,87H52H53+MV2,3,Andruss Library,hallway15,FALSE
1062,87H52H53+MR2,3,Andruss Library,hallway16,FALSE
1063,87H52H53+MW2,3,Andruss Library,hallway17,FALSE
1064,87H52H53+JWG,3,Andruss Library,hallway18,FALSE
1065,87H52H53+PWX,3,Andruss Library,hallway19,FALSE
1066,87H52H53+PX7,3,Andruss Library,hallway20,FALSE
1067,87H52H53+JW8,3,Andruss Library,Room 330,TRUE
1068,87H52H53+JWC,3,Andruss Library,Room 340,TRUE
1069,87H52H53+JWJ,3,Andruss Library,Room 342,TRUE
1070,87H52H53+MVG,3,Andruss Library,Room 320,TRUE
1071,87H52H53+MVX,3,Andruss Library,Room 324,TRUE
1072,87H52H53+PV5,3,Andruss Library,Room 323,TRUE
1073,87H52H53+MVJ,3,Andruss Library,Room 321,TRUE
1074,87H52H53+PV3,3,Andruss Library,Room 322,TRUE
1075,87H52H53+MRF,3,Andruss Library,Room 316,TRUE
1076,87H52H53+MR6,3,Andruss Library,Room 315,TRUE
1077,87H52H53+PXF,3,Andruss Library,Room 326,TRUE
1078,87H52H53+PX8,3,Andruss Library,Room 327,TRUE
1079,87H52H53+PX9,3,Andruss Library,Room 328,TRUE
1080,87H52H53+MV2,4,Andruss Library,hallway21,FALSE
1081,87H52H53+MVM,4,Andruss Library,hallway22,FALSE
1082,87H52H53+MW2,4,Andruss Library,hallway23,FALSE
1083,87H52H53+JWG,4,Andruss Library,hallway24,FALSE
1084,87H52H53+PWX,4,Andruss Library,hallway25,FALSE
1085,87H52H53+PXF,4,Andruss Library,hallway26,FALSE
1086,87H52H53+MR5,4,Andruss Library,Room 407,TRUE
1087,87H52H53+MRP,4,Andruss Library,Room 409,TRUE
1088,87H52H53+MRX,4,Andruss Library,Room 410,TRUE
1089,87H52H53+MVR,4,Andruss Library,Room 411,TRUE
1090,87H52H53+PXG,4,Andruss Library,Room 413,TRUE
1091,87H52H53+PX8,4,Andruss Library,Room 414,TRUE
1092,87H52H53+PX9,4,Andruss Library,Room 415,TRUE
1093,87H52H53+JW8,4,Andruss Library,Room 417,TRUE
1094,87H52H53+HWR,4,Andruss Library,Room 418,TRUE
1095,87H52H53+JV5,4,Andruss Library,Room 419,TRUE
1096,87H52H53+JWF,4,Andruss Library,Room 423,TRUE
1097,87H52H53+JWJ,4,Andruss Library,Room 425,TRUE
1098,87H52H53+PXR,1,Andruss Library,hallway27,FALSE
1200,x,0,Arts & Admin,Ground Floor Rear Entrance,TRUE
1201,x,0,Arts & Admin,Ground Floor Rear Metal Shop Entrance,TRUE
1202,x,0.5,Arts & Admin,stair1,FALSE
1203,x,0,Arts & Admin,hallway1,FALSE
1204,x,0,Arts & Admin,hallway2,FALSE
1205,x,0,Arts & Admin,hallway3,FALSE
1206,x,0,Arts & Admin,Ground Floor Elevator,FALSE
1207,x,0,Arts & Admin,hallway4,FALSE
1208,x,0,Arts & Admin,hallway5,FALSE
1209,x,0,Arts & Admin,hallway6,FALSE
1210,x,0,Arts & Admin,hallway7,FALSE
1211,x,0,Arts & Admin,hallway8,FALSE
1212,x,0,Arts & Admin,hallway9,FALSE
1213,x,0,Arts & Admin,Room 002,TRUE
1214,x,0,Arts & Admin,Room 003,TRUE
1215,x,0,Arts & Admin,Room 006,TRUE
1216,x,0,Arts & Admin,Room 013,TRUE
1217,x,0,Arts & Admin,Room 018,TRUE
1218,x,0,Arts & Admin,Room 019,TRUE
1219,x,0,Arts & Admin,Room 022,TRUE
1220,x,0,Arts & Admin,Room 024,TRUE
1221,x,0,Arts & Admin,Room 025,TRUE
1222,x,0,Arts & Admin,Room 023,TRUE
1223,x,0,Arts & Admin,Room 026,TRUE
1224,x,0,Arts & Admin,Room 030,TRUE
1225,x,0,Arts & Admin,Room 033,TRUE
1226,x,0,Arts & Admin,Room 036,TRUE
1227,x,0,Arts & Admin,Room 038,TRUE
1228,x,0.5,Arts & Admin,stair2,FALSE
1229,x,0,Arts & Admin,hallway10,FALSE
1230,x,0.5,Arts & Admin,stair3,FALSE
1231,x,0,Arts & Admin,hallway11,FALSE
1232,x,1,Arts & Admin,First Floor Main Entrance,TRUE
1233,x,1,Arts & Admin,hallway12,FALSE
1234,x,1,Arts & Admin,hallway13,FALSE
1235,x,1,Arts & Admin,hallway14,FALSE
1236,x,1,Arts & Admin,First Floor Elevator,FALSE
1237,x,1,Arts & Admin,hallway15,FALSE
1238,x,1,Arts & Admin,hallway16,FALSE
1239,x,1,Arts & Admin,hallway17,FALSE
1240,x,1,Arts & Admin,hallway18,FALSE
1241,x,1,Arts & Admin,hallway19,FALSE
1242,x,1,Arts & Admin,hallway20,FALSE
1243,x,1,Arts & Admin,hallway21,FALSE
1244,x,1,Arts & Admin,hallway22,FALSE
1245,x,1,Arts & Admin,hallway23,FALSE
1246,x,1,Arts & Admin,hallway24,FALSE
1247,x,1,Arts & Admin,hallway25,FALSE
1248,x,1,Arts & Admin,hallway26,FALSE
1249,x,1,Arts & Admin,hallway27,FALSE
1250,x,1,Arts & Admin,hallway28,FALSE
1251,x,1,Arts & Admin,hallway29,FALSE
1252,x,1,Arts & Admin,hallway30,FALSE
1253,x,1,Arts & Admin,Room 105,TRUE
1254,x,1,Arts & Admin,Room 109,TRUE
1255,x,1,Arts & Admin,Room 110,TRUE
1256,x,1,Arts & Admin,Room 111,TRUE
1257,x,1,Arts & Admin,Room 112,TRUE
1258,x,1,Arts & Admin,Room 113,TRUE
1259,x,1,Arts & Admin,Room 114,TRUE
1260,x,1,Arts & Admin,Room 115,TRUE
1261,x,1,Arts & Admin,Room 116,TRUE
1262,x,1,Arts & Admin,Room 118,TRUE
1263,x,1,Arts & Admin,Room 119,TRUE
1264,x,1,Arts & Admin,Room 126,TRUE
1265,x,1,Arts & Admin,Room 127,TRUE
1266,x,1,Arts & Admin,Room 128,TRUE
1267,x,1,Arts & Admin,Room 129,TRUE
1268,x,1,Arts & Admin,Room 124,TRUE
1269,x,1,Arts & Admin,Room 123,TRUE
1270,x,1,Arts & Admin,Room 130,TRUE
1271,x,1,Arts & Admin,Room 131,TRUE
1272,x,1,Arts & Admin,Room 133,TRUE
1273,x,1,Arts & Admin,Room 134,TRUE
1274,x,1,Arts & Admin,Room 140,TRUE
1275,x,1.5,Arts & Admin,stair4,FALSE
1276,x,1,Arts & Admin,Room 151,TRUE
1277,x,1,Arts & Admin,Room 152,TRUE
1278,x,1,Arts & Admin,Room 153,TRUE
1279,x,1,Arts & Admin,Room 147,TRUE
1280,x,1,Arts & Admin,Room 154,TRUE
1281,x,1,Arts & Admin,Room 155,TRUE
1282,x,1,Arts & Admin,Room 156,TRUE
1283,x,1,Arts & Admin,Room 157,TRUE
1284,x,1,Arts & Admin,Room 158,TRUE
1285,x,1,Arts & Admin,Room 160,TRUE
1286,x,1,Arts & Admin,Room 161,TRUE
1287,x,1,Arts & Admin,Room 162,TRUE
1288,x,1,Arts & Admin,Room 163,TRUE
1289,x,1,Arts & Admin,Room 165,TRUE
1290,x,1,Arts & Admin,Room 167,TRUE
1291,x,1,Arts & Admin,Room 168,TRUE
1292,x,1,Arts & Admin,Room 169,TRUE
1293,x,1,Arts & Admin,Room 170,TRUE
1294,x,1,Arts & Admin,Room 172,TRUE
1295,x,1,Arts & Admin,Room 174,TRUE
1296,x,1,Arts & Admin,Room 175,TRUE
1297,x,1,Arts & Admin,Room 176,TRUE
1298,x,1,Arts & Admin,Room 177,TRUE
1299,x,1,Arts & Admin,Room 178,TRUE
1300,x,1,Arts & Admin,Room 179,TRUE
1301,x,1,Arts & Admin,Room 182,TRUE
1302,x,1,Arts & Admin,Room 183,TRUE
1303,x,1,Arts & Admin,Room 185,TRUE
1304,x,1.5,Arts & Admin,stair5,FALSE
1305,x,1.5,Arts & Admin,stair6,FALSE
1306,x,1,Arts & Admin,Room 106,TRUE
1307,x,1,Arts & Admin,First Floor Side Entrance,TRUE
1308,x,2.5,Arts & Admin,stair7,FALSE
1309,x,2.5,Arts & Admin,stair8,FALSE
1310,x,2.5,Arts & Admin,stair9,FALSE
1311,x,2,Arts & Admin,hallway31,FALSE
1312,x,2,Arts & Admin,hallway32,FALSE
1313,x,2,Arts & Admin,hallway33,FALSE
1314,x,2,Arts & Admin,Second Floor Elevator,FALSE
1315,x,2,Arts & Admin,hallway34,FALSE
1316,x,2,Arts & Admin,hallway35,FALSE
1317,x,2,Arts & Admin,hallway36,FALSE
1318,x,2,Arts & Admin,hallway37,FALSE
1319,x,2,Arts & Admin,hallway38,FALSE
1320,x,2,Arts & Admin,hallway39,FALSE
1321,x,2,Arts & Admin,hallway40,FALSE
1322,x,2,Arts & Admin,hallway41,FALSE
1323,x,2,Arts & Admin,hallway42,FALSE
1324,x,2,Arts & Admin,hallway43,FALSE
1325,x,2,Arts & Admin,hallway44,FALSE
1326,x,2,Arts & Admin,hallway45,FALSE
1327,x,2,Arts & Admin,hallway46,FALSE
1328,x,2,Arts & Admin,hallway47,FALSE
1329,x,2,Arts & Admin,hallway48,FALSE
1330,x,2,Arts & Admin,hallway49,FALSE
1331,x,2,Arts & Admin,hallway50,FALSE
1332,x,2,Arts & Admin,Room 203,TRUE
1333,x,2,Arts & Admin,Room 204,TRUE
1334,x,2,Arts & Admin,Room 205,TRUE
1335,x,2,Arts & Admin,Room 206,TRUE
1336,x,2,Arts & Admin,Room 207,TRUE
1337,x,2,Arts & Admin,Room 208,TRUE
1338,x,2,Arts & Admin,Room 209,TRUE
1339,x,2,Arts & Admin,Room 210,TRUE
1340,x,2,Arts & Admin,Room 212,TRUE
1341,x,2,Arts & Admin,Room 219,TRUE
1342,x,2,Arts & Admin,hallway51,FALSE
1343,x,2,Arts & Admin,hallway52,FALSE
1344,x,2,Arts & Admin,Room 223,TRUE
1345,x,2,Arts & Admin,Room 224,TRUE
1346,x,2,Arts & Admin,Room 226,TRUE
1347,x,2,Arts & Admin,Room 227,TRUE
1348,x,2,Arts & Admin,Room 225,TRUE
1349,x,2,Arts & Admin,Room 228,TRUE
1350,x,2,Arts & Admin,Room 229,TRUE
1351,x,2,Arts & Admin,Room 230,TRUE
1352,x,2,Arts & Admin,Room 232,TRUE
1353,x,2,Arts & Admin,Room 233,TRUE
1354,x,2,Arts & Admin,Room 234,TRUE
1355,x,2,Arts & Admin,Room 236,TRUE
1356,x,2,Arts & Admin,Room 237,TRUE
1357,x,2,Arts & Admin,Room 238,TRUE
1358,x,2,Arts & Admin,Room 239,TRUE
1359,x,2,Arts & Admin,Room 240,TRUE
1360,x,2,Arts & Admin,Room 241,TRUE
1361,x,2,Arts & Admin,Room 243,TRUE
1362,x,2,Arts & Admin,Room 244,TRUE
1363,x,2,Arts & Admin,Room 245,TRUE
1364,x,2,Arts & Admin,Room 247,TRUE
1365,x,2,Arts & Admin,Room 248,TRUE
1366,x,2,Arts & Admin,Room 249,TRUE
1367,x,2,Arts & Admin,Room 250,TRUE
1368,x,2,Arts & Admin,Room 251,TRUE
1369,x,2,Arts & Admin,Room 252,TRUE
1370,x,2,Arts & Admin,Room 253,TRUE
1371,x,2,Arts & Admin,Room 254,TRUE
1372,x,2,Arts & Admin,Room 255,TRUE
1373,x,2,Arts & Admin,Room 256,TRUE
1374,x,2,Arts & Admin,Room 257,TRUE
1375,x,2,Arts & Admin,Room 258,TRUE
1376,x,2,Arts & Admin,Room 259,TRUE
1377,x,2,Arts & Admin,Room 260,TRUE
1378,x,2,Arts & Admin,Room 262,TRUE
1379,x,2,Arts & Admin,Room 263,TRUE
1380,x,2,Arts & Admin,Room 264,TRUE
1381,x,2,Arts & Admin,Room 265,TRUE
1382,x,2,Arts & Admin,Room 266,TRUE
1383,x,2,Arts & Admin,Room 267,TRUE
1384,x,2,Arts & Admin,Room 268,TRUE
1385,x,2,Arts & Admin,Room 269,TRUE
1386,x,2,Arts & Admin,Room 270,TRUE
1387,x,2,Arts & Admin,Room 276,TRUE
1388,x,2,Arts & Admin,Room 278,TRUE
1389,x,2,Arts & Admin,Room 279,TRUE
1390,x,2,Arts & Admin,Room 281,TRUE
1391,x,2,Arts & Admin,Room 283,TRUE
1392,x,2,Arts & Admin,Room 284,TRUE
1393,x,2,Arts & Admin,Room 285,TRUE
1394,x,2,Arts & Admin,Room 286,TRUE
1395,x,3,Arts & Admin,hallway53,FALSE
1396,x,3,Arts & Admin,hallway54,FALSE
1397,x,3,Arts & Admin,hallway55,FALSE
1398,x,3,Arts & Admin,Third Floor Elevator,FALSE
1399,x,3,Arts & Admin,hallway56,FALSE
1400,x,3,Arts & Admin,hallway57,FALSE
1401,x,3,Arts & Admin,hallway58,FALSE
1402,x,3,Arts & Admin,hallway59,FALSE
1403,x,3,Arts & Admin,hallway60,FALSE
1404,x,3,Arts & Admin,hallway61,FALSE
1405,x,3,Arts & Admin,hallway62,FALSE
1406,x,3,Arts & Admin,hallway63,FALSE
1407,x,3,Arts & Admin,hallway64,FALSE
1408,x,3,Arts & Admin,hallway65,FALSE
1409,x,3,Arts & Admin,hallway66,FALSE
1410,x,3,Arts & Admin,hallway67,FALSE
1411,x,3,Arts & Admin,hallway68,FALSE
1412,x,3,Arts & Admin,Room 303,TRUE
1413,x,3,Arts & Admin,Room 304,TRUE
1414,x,3,Arts & Admin,Room 305,TRUE
1415,x,3,Arts & Admin,Room 306,TRUE
1416,x,3,Arts & Admin,Room 307,TRUE
1417,x,3,Arts & Admin,Room 308,TRUE
1418,x,3,Arts & Admin,Room 309,TRUE
1419,x,3,Arts & Admin,Room 310,TRUE
1420,x,3,Arts & Admin,Room 314,TRUE
1421,x,3,Arts & Admin,Room 316,TRUE
1422,x,3,Arts & Admin,Room 317,TRUE
1423,x,3,Arts & Admin,Room 318,TRUE
1424,x,3,Arts & Admin,Room 320,TRUE
1425,x,3,Arts & Admin,Room 322,TRUE
1426,x,3,Arts & Admin,Room 323,TRUE
1427,x,3,Arts & Admin,Room 330,TRUE
1428,x,3,Arts & Admin,hallway69,FALSE
1429,x,3,Arts & Admin,Room 336,TRUE
1430,x,3,Arts & Admin,Room 338,TRUE
1431,x,3,Arts & Admin,Room 339,TRUE
1432,x,3,Arts & Admin,Room 340,TRUE
1435,x,3,Arts & Admin,Room 335,TRUE
1436,x,3,Arts & Admin,Room 342,TRUE
1437,x,3,Arts & Admin,Room 343,TRUE
1438,x,3,Arts & Admin,Room 344,TRUE
1439,x,3,Arts & Admin,Room 345,TRUE
1440,x,3,Arts & Admin,Room 348,TRUE
1441,x,3,Arts & Admin,Room 349,TRUE
1442,x,3,Arts & Admin,Room 350,TRUE
1443,x,3,Arts & Admin,Room 351,TRUE
1444,x,3,Arts & Admin,Room 353,TRUE
1445,x,3,Arts & Admin,Room 354,TRUE
1446,x,3,Arts & Admin,Room 357,TRUE
1447,x,3,Arts & Admin,Room 358,TRUE
1448,x,3,Arts & Admin,Room 356,TRUE
1449,x,3,Arts & Admin,Room 359,TRUE
1450,x,3,Arts & Admin,Room 360,TRUE
1451,x,3,Arts & Admin,Room 361,TRUE
1452,x,3,Arts & Admin,Room 364,TRUE
1453,x,3,Arts & Admin,Room 365,TRUE
1454,x,3,Arts & Admin,Room 366,TRUE
1455,x,3,Arts & Admin,Room 367,TRUE
1456,x,3,Arts & Admin,Room 368,TRUE
1457,x,3,Arts & Admin,Room 369,TRUE
1458,x,3,Arts & Admin,Room 372,TRUE
1459,x,3,Arts & Admin,Room 373,TRUE
1460,x,3,Arts & Admin,Room 374,TRUE
1461,x,3,Arts & Admin,Room 378,TRUE
1462,x,3,Arts & Admin,Room 376,TRUE
1463,x,3,Arts & Admin,hallway70,FALSE
1464,x,3,Arts & Admin,Room 383,TRUE
1465,x,3,Arts & Admin,Room 384,TRUE
1466,x,3,Arts & Admin,Room 385,TRUE
1467,x,3,Arts & Admin,Room 386,TRUE
1468,x,3,Arts & Admin,Room 387,TRUE
1469,x,3,Arts & Admin,Room 388,TRUE
1470,x,1,Arts & Admin,hallway71,FALSE
1471,x,0,Arts & Admin,hallway72,FALSE
1472,x,0,Arts & Admin,Room 007,TRUE
1473,x,2,Arts & Admin,Room 261,TRUE
1501,x,-1,Hartline,Basement Entrance 1,TRUE
1502,x,-1,Hartline Basement Entrance 2,TRUE,
1503,x,-1,Hartline,Basement Entrance 3,TRUE
1504,x,-0.5,Hartline,stair1,FALSE
1505,x,-0.5,Hartline,stair2,FALSE
1506,x,-0.5,Hartline,stair3,FALSE
1507,x,-0.5,Hartline,stari4,FALSE
1508,x,-1,Hartline,Basement West Elevator,FALSE
1509,x,-1,Hartline,Basement East Elevator,FALSE
1510,x,-1,Hartline,hallway1,FALSE
1511,x,-1,Hartline,hallway2,FALSE
1512,x,-1,Hartline,hallway3,FALSE
1513,x,-1,Hartline,hallway4,FALSE
1514,x,-1,Hartline,hallway5,FALSE
1515,x,-1,Hartline,hallway6,FALSE
1516,x,-1,Hartline,hallway7,FALSE
1517,x,-1,Hartline,hallway8,FALSE
1518,x,-1,Hartline,hallway9,FALSE
1519,x,-1,Hartline,hallway10,FALSE
1520,x,-1,Hartline,Room B6,TRUE
1521,x,-1,Hartline,Room B10,TRUE
1522,x,-1,Hartline,Room B10A,TRUE
1523,x,-1,Hartline,Room B11,TRUE
1524,x,-1,Hartline,Room B12,TRUE
1525,x,-1,Hartline,Room B14,TRUE
1526,x,-1,Hartline,Room B15,TRUE
1527,x,-1,Hartline,Room B16,TRUE
1528,x,-1,Hartline,Room B17,TRUE
1529,x,-1,Hartline,Room B19,TRUE
1530,x,-1,Hartline,Room B25,TRUE
1531,x,-1,Hartline,Room B26,TRUE
1532,x,-1,Hartline,Room B27,TRUE
1533,x,-1,Hartline,Room B28,TRUE
1534,x,-1,Hartline,Room B31,TRUE
1535,x,-1,Hartline,Room B33,TRUE
1536,x,-1,Hartline,Room B34,TRUE
1537,x,-1,Hartline,Room B32,TRUE
1538,x,-1,Hartline,Room B35,TRUE
1539,x,-1,Hartline,Room B36,TRUE
1540,x,-1,Hartline,Room B37,TRUE
1541,x,-1,Hartline,Room B38,TRUE
1542,x,-1,Hartline,Room B39,TRUE
1543,x,-1,Hartline,Room B40,TRUE
1544,x,-1,Hartline,Room B41,TRUE
1545,x,-1,Hartline,Room B42,TRUE
1546,x,-1,Hartline,Room B43,TRUE
1547,x,-1,Hartline,Room B44,TRUE
1548,x,-1,Hartline,Room B45,TRUE
1549,x,-1,Hartline,Room B46,TRUE
1550,x,-1,Hartline,Room B47,TRUE
1551,x,-1,Hartline,Room B47A,TRUE
1552,x,-1,Hartline,Room B48,TRUE
1553,x,-1,Hartline,Room B50,TRUE
1554,x,-1,Hartline,Room B52,TRUE
1555,x,-1,Hartline,Room B53,TRUE
1556,x,-1,Hartline,Room B54,TRUE
1557,x,-1,Hartline,Room B55,TRUE
1558,x,-1,Hartline,Room B56,TRUE
1559,x,0.5,Hartline,stair5,FALSE
1560,x,0.5,Hartline,stair6,FALSE
1561,x,0.5,Hartline,stair7,FALSE
1562,x,0.5,Hartline,stair8,FALSE
1563,x,0,Hartline,Ground Floor West Elevator,FALSE
1564,x,0,Hartline,Ground Floor East Elevator,FALSE
1565,x,0,Hartline,Ground Floor Side Entrance,TRUE
1566,x,0,Hartline,Ground Floor Lobby Entrance,TRUE
1567,x,0,Hartline,Ground Floor Stair Entrance,TRUE
1568,x,0,Hartline,Ground Floor Greenhouse Entrance,TRUE
1569,x,0.5,Hartline,stair9,FALSE
1570,x,0.5,Hartline,stair10,FALSE
1571,x,0,Hartline,hallway11,FALSE
1572,x,0,Hartline,hallway12,FALSE
1573,x,0,Hartline,hallway13,FALSE
1574,x,0,Hartline,hallway14,FALSE
1575,x,0,Hartline,hallway15,FALSE
1576,x,0,Hartline,hallway16,FALSE
1577,x,0,Hartline,hallway17,FALSE
1578,x,0,Hartline,hallway18,FALSE
1579,x,0,Hartline,hallway19,FALSE
1580,x,0,Hartline,hallway20,FALSE
1581,x,0,Hartline,hallway21,FALSE
1582,x,0,Hartline,hallway22,FALSE
1583,x,0,Hartline,Room G3,TRUE
1584,x,0,Hartline,Room G4,TRUE
1585,x,0,Hartline,Room G5,TRUE
1586,x,0,Hartline,Room G6,TRUE
1587,x,0,Hartline,Room G7,TRUE
1588,x,0,Hartline,Room G11,TRUE
1589,x,0,Hartline,Room G12,TRUE
1590,x,0,Hartline,Room G13,TRUE
1591,x,0,Hartline,Room G19,TRUE
1592,x,0,Hartline,Room G20,TRUE
1593,x,0,Hartline,Room G22,TRUE
1594,x,0,Hartline,Room G23,TRUE
1595,x,0,Hartline,Room G24,TRUE
1596,x,0,Hartline,Room G25,TRUE
1597,x,0,Hartline,Room G26,TRUE
1598,x,0,Hartline,Room G27,TRUE
1599,x,0,Hartline,Room G28,TRUE
1600,x,0,Hartline,Room G29,TRUE
1601,x,0,Hartline,Room G30,TRUE
1602,x,0,Hartline,Room G31,TRUE
1603,x,0,Hartline,Room G33,TRUE
1604,x,0,Hartline,Room G34,TRUE
1605,x,0,Hartline,Room G35,TRUE
1606,x,0,Hartline,Room G45,TRUE
1607,x,0,Hartline,Room G46,TRUE
1608,x,0,Hartline,Room G47,TRUE
1609,x,0,Hartline,Room G48,TRUE
1610,x,0,Hartline,Room G49,TRUE
1611,x,0,Hartline,Room G52,TRUE
1612,x,0,Hartline,Room G53,TRUE
1613,x,0,Hartline,Room G54,TRUE
1614,x,0,Hartline,Room G55,TRUE
1615,x,0,Hartline,Room G56,TRUE
1616,x,0,Hartline,Room G57,TRUE
1617,x,0,Hartline,Room G58,TRUE
1618,x,0,Hartline,Room G60,TRUE
1619,x,0,Hartline,Room G61,TRUE
1620,x,0,Hartline,Room G62,TRUE
1621,x,0,Hartline,Room G63,TRUE
1622,x,0,Hartline,Room G64,TRUE
1623,x,0,Hartline,Room G64A,TRUE
1624,x,0,Hartline,Room G64B,TRUE
1625,x,0,Hartline Room G67,TRUE,
1626,x,0,Hartline,Room G69,TRUE
1627,x,0,Hartline,Room G70,TRUE
1628,x,0,Hartline,Room G71,TRUE
1629,x,0,Hartline,Room G72,TRUE
1630,x,0,Hartline,hallway23,FALSE
1631,x,0,Hartline,Room G38,TRUE
1632,x,0,Hartline,Room G40,TRUE
1633,x,0,Hartline,Room G42,TRUE
1634,x,0,Hartline,Room G39,TRUE
1635,x,0,Hartline,Room G41,TRUE
1636,x,0,Hartline,Room G50,TRUE
1637,x,0,Hartline,Room G51,TRUE
1638,x,1,Hartline,First Floor Main Entrance,TRUE
1639,x,1.5,Hartline,stair11,FALSE
1640,x,1.5,Hartline,stair12,FALSE
1641,x,1.5,Hartline,stair13,FALSE
1642,x,1.5,Hartline,stair14,FALSE
1643,x,1,Hartline,First Floor West Elevator,FALSE
1644,x,1,Hartline,First Floor East Elevator,FALSE
1645,x,1,Hartline,hallway24,FALSE
1646,x,1,Hartline,hallway25,FALSE
1647,x,1,Hartline,hallway26,FALSE
1648,x,1,Hartline,hallway27,FALSE
1649,x,1,Hartline,hallway28,FALSE
1650,x,1,Hartline,hallway29,FALSE
1651,x,1,Hartline,hallway30,FALSE
1652,x,1,Hartline,hallway31,FALSE
1653,x,1,Hartline,hallway32,FALSE
1654,x,1,Hartline,hallway33,FALSE
1655,x,1,Hartline,hallway34,FALSE
1656,x,1,Hartline,hallway35,FALSE
1657,x,1,Hartline,Room 101,TRUE
1658,x,1,Hartline,Room 102,TRUE
1659,x,1,Hartline,Room 103,TRUE
1660,x,1,Hartline,Room 114,TRUE
1661,x,1,Hartline,Room 115,TRUE
1662,x,1,Hartline,Room 116,TRUE
1663,x,1,Hartline,Room 117,TRUE
1664,x,1,Hartline,Room 118,TRUE
1665,x,1,Hartline,Room 119,TRUE
1666,x,1,Hartline,Room 120,TRUE
1667,x,1,Hartline,Room 121,TRUE
1668,x,1,Hartline,Room 122,TRUE
1669,x,1,Hartline,Room 123,TRUE
1670,x,1,Hartline,Room 124,TRUE
1671,x,1,Hartline,Room 125,TRUE
1672,x,1,Hartline,Room 126,TRUE
1673,x,1,Hartline,Room 127,TRUE
1674,x,1,Hartline,Room 128,TRUE
1675,x,1,Hartline,Room 129,TRUE
1676,x,1,Hartline,Room 130,TRUE
1677,x,1,Hartline,Room 131,TRUE
1678,x,1,Hartline,Room 133,TRUE
1679,x,1,Hartline,Room 134,TRUE
1680,x,1,Hartline,Room 135,TRUE
1681,x,1,Hartline,Room 136,TRUE
1682,x,1,Hartline,Room 137,TRUE
1683,x,1,Hartline,Room 138,TRUE
1684,x,1,Hartline,Room 139,TRUE
1685,x,1,Hartline,Room 140,TRUE
1686,x,1,Hartline,Room 143,TRUE
1687,x,1,Hartline,Room 144,TRUE
1688,x,1,Hartline,Room 145,TRUE
1689,x,1,Hartline,Room 146,TRUE
1690,x,1,Hartline,Room 147,TRUE
1691,x,1,Hartline,Room 148,TRUE
1692,x,1,Hartline,Room 149,TRUE
1693,x,1,Hartline,Room 150,TRUE
1694,x,1,Hartline,Room 151,TRUE
1695,x,1,Hartline,Room 152,TRUE
1696,x,1,Hartline,Room 154,TRUE
1697,x,1,Hartline,Room 155,TRUE
1698,x,1,Hartline,Room 156,TRUE
1699,x,1,Hartline,Room 157,TRUE
1700,x,1,Hartline,Room 158,TRUE
1701,x,1,Hartline,Room 160,TRUE
1702,x,1,Hartline,Room 161,TRUE
1703,x,1,Hartline,Room 162,TRUE
1704,x,1,Hartline,Room 163,TRUE
1705,x,1,Hartline,Room 164,TRUE
1706,x,1,Hartline,Room 166,TRUE
1707,x,1,Hartline,Room 169,TRUE
1708,x,1,Hartline,Room 171,TRUE
1709,x,1,Hartline,Room 174,TRUE
1710,x,1,Hartline,Room 175,TRUE
1711,x,1,Hartline,Room 176,TRUE
1712,x,2,Hartline,Room 172,TRUE
1713,x,1,Hartline,Room 173,TRUE
1714,x,1,Hartline,Room 177,TRUE
1715,x,1,Hartline,Room 178,TRUE
1716,x,1,Hartline,Room 97,TRUE
1717,x,1,Hartline,Room 98,TRUE
1718,x,1,Hartline,Room 99,TRUE
1719,x,1,Hartline,Room 100,TRUE
1720,x,1,Hartline,Room 108,TRUE
1721,x,1,Hartline,Room 109,TRUE
1722,x,1,Hartline,Room 11,TRUE
1723,x,2,Hartline,Second Floor West Elevator,FALSE
1724,x,2,Hartline,Second Floor East Elevator,FALSE
1725,x,2,Hartline,hallway36,FALSE
1726,x,2,Hartline,hallway37,FALSE
1727,x,2,Hartline,hallway38,FALSE
1728,x,2,Hartline,hallway39,FALSE
1729,x,2,Hartline,hallway40,FALSE
1730,x,2,Hartline,hallway41,FALSE
1731,x,2,Hartline,hallway42,FALSE
1732,x,2,Hartline,hallway43,FALSE
1733,x,2,Hartline,hallway44,FALSE
1734,x,2,Hartline,hallway45,FALSE
1735,x,2,Hartline,hallway46,FALSE
1736,x,2,Hartline,hallway47,FALSE
1737,x,2,Hartline,Room 206,TRUE
1738,x,2,Hartline,Room 209,TRUE
1739,x,2,Hartline,Room 210,TRUE
1740,x,2,Hartline,Room 211,TRUE
1741,x,2,Hartline,Room 215,TRUE
1742,x,2,Hartline,Room 216,TRUE
1743,x,2,Hartline,Room 217,TRUE
1744,x,2,Hartline,Room 218,TRUE
1745,x,2,Hartline,Room 219,TRUE
1746,x,2,Hartline,Room 220,TRUE
1747,x,2,Hartline,Room 221,TRUE
1748,x,2,Hartline,Room 222,TRUE
1749,x,2,Hartline,Room 223,TRUE
1750,x,2,Hartline,Room 224,TRUE
1751,x,2,Hartline,Room 225,TRUE
1752,x,2,Hartline,Room 226,TRUE
1753,x,2,Hartline,Room 227,TRUE
1754,x,2,Hartline,Room 229,TRUE
1755,x,2,Hartline,Room 231,TRUE
1756,x,2,Hartline,Room 232,TRUE
1757,x,2,Hartline,Room 233,TRUE
1758,x,2,Hartline,Room 236,TRUE
1759,x,2,Hartline,Room 237,TRUE
1760,x,2,Hartline,Room 238,TRUE
1761,x,2,Hartline,Room 239,TRUE
1762,x,2,Hartline,Room 240,TRUE
1763,x,2,Hartline,Room 241,TRUE
1764,x,2,Hartline,Room 230,TRUE
1765,x,2,Hartline,Organic Chemistry Teaching Lab,TRUE
1766,x,2,Hartline,Biochemistry Teaching Lab,TRUE
1767,x,2,Hartline,Biology Prep Lab,TRUE
1768,x,2,Hartline,Biotechnology Teaching Lab,TRUE
1769,x,2,Hartline,Cell Culture Lab,TRUE
1770,x,2,Hartline,Biology Storage,TRUE
1771,x,2,Hartline,Biology Research Lab,TRUE
1772,x,2,Hartline,Mineralogy/Petrology Teaching Lab,TRUE
1773,x,2,Hartline,Geochemistry Prep,TRUE
1774,x,2,Hartline,Geochemistry Teaching Lab,TRUE
1775,x,2,Hartline,Chemistry Research Lab,TRUE
1776,x,1,Hartline,Room 111,TRUE
1777,x,2,Hartline,Conference Room,TRUE